<?xml version="1.0"?>
<!DOCTYPE hibernate-mapping PUBLIC "-//Hibernate/Hibernate Mapping DTD 3.0//EN"
"http://www.hibernate.org/dtd/hibernate-mapping-3.0.dtd">
<!-- Generated Apr 1, 2016 5:13:00 PM by Hibernate Tools 4.3.1 -->
<hibernate-mapping>
    <class name="net.hussam.Hibernate.Bid" table="bid" catalog="scema" optimistic-lock="version">
        <id name="id" type="int">
            <column name="id" />
            <generator class="assigned" />
        </id>
        <many-to-one name="item" class="net.hussam.Hibernate.Item" fetch="select">
            <column name="item_id" not-null="true" />
        </many-to-one>
        <property name="description" type="string">
            <column name="Description" length="45" />
        </property>
    </class>
</hibernate-mapping>
