<?xml version="1.0"?>
<!DOCTYPE hibernate-mapping PUBLIC "-//Hibernate/Hibernate Mapping DTD 3.0//EN"
"http://www.hibernate.org/dtd/hibernate-mapping-3.0.dtd">
<!-- Generated Apr 1, 2016 5:13:00 PM by Hibernate Tools 4.3.1 -->
<hibernate-mapping>
    <class name="net.hussam.Hibernate.Client" table="client" catalog="scema" optimistic-lock="version">
        <id name="id" type="int">
            <column name="id" />
            <generator class="assigned" />
        </id>
        <property name="name" type="string">
            <column name="name" length="45" />
        </property>
        <property name="address" type="string">
            <column name="address" length="100" />
        </property>
        <set name="locations" table="client_location" inverse="false" lazy="true" fetch="select">
            <key>
                <column name="client_id" not-null="true" />
            </key>
            <many-to-many entity-name="net.hussam.Hibernate.Location">
                <column name="location_id" not-null="true" />
            </many-to-many>
        </set>
        <one-to-one name="details" class="net.hussam.Hibernate.Details"></one-to-one>
    </class>
</hibernate-mapping>
