<?xml version="1.0"?>
<!DOCTYPE hibernate-mapping PUBLIC "-//Hibernate/Hibernate Mapping DTD 3.0//EN"
"http://www.hibernate.org/dtd/hibernate-mapping-3.0.dtd">
<!-- Generated Apr 1, 2016 5:13:00 PM by Hibernate Tools 4.3.1 -->
<hibernate-mapping>
    <class name="net.hussam.Hibernate.Details" table="details" catalog="scema" optimistic-lock="version">
        <id name="id" type="int">
            <column name="id" />
            <generator class="foreign">
                <param name="property">client</param>
            </generator>
        </id>
        <one-to-one name="client" class="net.hussam.Hibernate.Client" constrained="true"></one-to-one>
        <property name="address" type="string">
            <column name="address" length="45" />
        </property>
    </class>
</hibernate-mapping>
