<?xml version="1.0" encoding="UTF-8"?>
<!DOCTYPE hibernate-configuration PUBLIC "-//Hibernate/Hibernate Configuration DTD 3.0//EN" "http://hibernate.sourceforge.net/hibernate-configuration-3.0.dtd">
<hibernate-configuration>
  <session-factory>
    <property name="hibernate.dialect">org.hibernate.dialect.MySQLDialect</property>
    <property name="hibernate.connection.driver_class">com.mysql.jdbc.Driver</property>
    <property name="hibernate.connection.url">jdbc:mysql://localhost:3306/scema?zeroDateTimeBehavior=convertToNull</property>
    <property name="hibernate.connection.username">root</property>
    <property name="hibernate.connection.password">admin</property>
    <mapping resource="net/hussam/Hibernate/Details.hbm.xml"/>
    <mapping resource="net/hussam/Hibernate/Bid.hbm.xml"/>
    <mapping resource="net/hussam/Hibernate/Item.hbm.xml"/>
    <mapping resource="net/hussam/Hibernate/Location.hbm.xml"/>
    <mapping resource="net/hussam/Hibernate/Client.hbm.xml"/>
  </session-factory>
</hibernate-configuration>
