<?xml version="1.0"?>
<!DOCTYPE hibernate-mapping PUBLIC "-//Hibernate/Hibernate Mapping DTD 3.0//EN"
"http://www.hibernate.org/dtd/hibernate-mapping-3.0.dtd">
<!-- Generated Apr 1, 2016 5:13:00 PM by Hibernate Tools 4.3.1 -->
<hibernate-mapping>
    <class name="net.hussam.Hibernate.Item" table="item" catalog="scema" optimistic-lock="version">
        <id name="id" type="int">
            <column name="id" />
            <generator class="assigned" />
        </id>
        <property name="name" type="string">
            <column name="name" length="45" />
        </property>
        <set name="bids" table="bid" inverse="true" lazy="true" fetch="select">
            <key>
                <column name="item_id" not-null="true" />
            </key>
            <one-to-many class="net.hussam.Hibernate.Bid" />
        </set>
    </class>
</hibernate-mapping>
